1,Hall-Cohen,Chad,001-895-577-8158x855
2,Wilcox-Anderson,Turkey,431.507.1916x73609
3,"Horn, Johnson and Butler",Malta,+1-801-701-2120
4,Wallace PLC,Egypt,(800)409-4365
5,"Hess, Gilbert and Wallace",Svalbard & Jan Mayen Islands,+1-708-687-3648x67358
6,Flores and Sons,Swaziland,001-618-969-3234x787
7,"Steele, Carter and Richardson",Ethiopia,+1-576-598-6040x973
8,"Mcdonald, Bradley and Diaz",Heard Island and McDonald Islands,+1-208-789-6755x65304
9,Hunt PLC,Maldives,968.223.4551
10,"Wilson, Brown and Sosa",Iceland,555-248-5818x2216
11,Foley and Sons,Saudi Arabia,954.634.3368x786
12,Shaffer-Kennedy,Italy,(910)291-1975
13,Thompson PLC,Tonga,806.412.5117x958
14,Salinas-Bauer,India,(780)528-0129
15,"Butler, Wright and Rogers",Jordan,778-990-6898x075
16,"Riley, Burns and Jackson",Gambia,428.271.9687x01123
17,Morse-Long,Austria,001-571-290-4888x48755
18,Phillips Inc,Thailand,(660)435-5407x649
19,"Young, Maldonado and Romero",Egypt,(608)383-3267x60012
20,Ruiz PLC,Belize,374-720-4006
